Architecture,Val Acc %,Test Acc %,Test Macro-F1,Overfitting Gap %,Epochs
cnn_only,79.51219512195122,79.02439024390245,0.7838066470693781,16.225258587664403,13.0
gru,71.70731707317073,74.14634146341463,0.7370207943251421,27.868726854807825,15.0
lstm,67.8048780487805,73.65853658536585,0.7249724332482954,30.2745498659175,13.0
