Sampling,Val Acc %,Test Acc %,Test Macro-F1,Overfitting Gap %,Epochs
uniform,71.70731707317073,74.14634146341463,0.7370207943251421,27.868726854807825,15
hybrid,62.926829268292686,62.4390243902439,0.620264112143695,32.60375430979441,15
motion,57.56097560975609,57.073170731707314,0.5724712502404844,34.37619716511302,15
